Model,Accuracy,Precision,Recall,F1-Score,AUC-ROC,Specificity,Infected DPMO,Infected Sigma,Cpk,False Negatives
Model_1,0.9565217391304348,1.0,0.9444444444444444,0.9714285714285714,1.0,1.0,55555.555555555584,1.59321881802305,0.0710669054518701,1
Model_2,0.8695652173913043,1.0,0.8333333333333334,0.9090909090909091,0.9777777777777779,1.0,166666.66666666663,0.967421566101701,0.1290994448735806,3
Model_3,1.0,1.0,1.0,1.0,1.0,1.0,0.0,6.0,inf,0
Model_4,0.8260869565217391,1.0,0.7777777777777778,0.875,1.0,1.0,222222.22222222222,0.7647096737863871,0.15294382258037453,4
Model_5_Ensemble,1.0,1.0,1.0,1.0,1.0,1.0,0.0,6.0,inf,0
