Model,Accuracy,Precision,Recall,F1-Score,AUC-ROC,Specificity
Model_1,0.9565217391304348,1.0,0.9444444444444444,0.9714285714285714,1.0,1.0
Model_2,0.8695652173913043,1.0,0.8333333333333334,0.9090909090909091,0.9777777777777779,1.0
Model_3,1.0,1.0,1.0,1.0,1.0,1.0
Model_4,0.8260869565217391,1.0,0.7777777777777778,0.875,1.0,1.0
Model_5_Ensemble,1.0,1.0,1.0,1.0,1.0,1.0
