Model,Accuracy,Precision,Recall,F1-Score,AUC-ROC,Specificity
Model_1,0.8760330578512396,0.8497109826589595,0.9735099337748344,0.9074074074074074,0.9060475947893166,0.7142857142857143
Model_2,0.9090909090909091,0.8816568047337278,0.9867549668874173,0.93125,0.9452004948693691,0.7802197802197802
Model_3,0.8677685950413223,0.8940397350993378,0.8940397350993378,0.8940397350993378,0.9408340004366494,0.8241758241758241
Model_4,0.8842975206611571,0.912751677852349,0.9006622516556292,0.9066666666666666,0.9532785095699002,0.8571428571428571
Model_5_Ensemble,0.9214876033057852,0.8975903614457831,0.9867549668874173,0.9400630914826499,0.9526235354049923,0.8131868131868132
