Model,Recall (Infected),Accuracy (Overall),Infected DPMO,Overall DPMO,Infected Sigma,Overall Sigma,Cp,Cpk,False Negatives,False Positives,Total Infected,Total Opportunities
Model_1,0.9444444444444444,0.9565217391304348,55555.555555555584,43478.26086956519,1.59321881802305,1.7116753065097288,0.8172694126965067,0.0710669054518701,1,0,18,23
Model_2,0.8333333333333334,0.8695652173913043,166666.66666666663,130434.78260869568,0.967421566101701,1.1243382315686385,0.4948812053487256,0.1290994448735806,3,0,18,23
Model_3,1.0,1.0,0.0,0.0,6.0,6.0,inf,inf,0,0,18,23
Model_4,0.7777777777777778,0.8260869565217391,222222.22222222222,173913.04347826086,0.7647096737863871,0.9388143168769032,0.4397134899185768,0.15294382258037453,4,0,18,23
Model_5_Ensemble,1.0,1.0,0.0,0.0,6.0,6.0,inf,inf,0,0,18,23
