Model,Recall (Infected),Accuracy (Overall),Infected DPMO,Overall DPMO,Infected Sigma,Overall Sigma,Cp,Cpk,False Negatives,False Positives,Total Infected,Total Opportunities
Model_1,0.9735099337748344,0.8760330578512396,26490.06622516559,123966.94214876037,1.9350828275345227,1.1553823552329274,0.505749611430315,0.12539246564387982,4,26,151,242
Model_2,0.9867549668874173,0.9090909090909091,13245.033112582738,90909.09090909094,2.2189508835295757,1.3351777361189363,0.579750904364203,0.10540925533894603,2,20,151,242
Model_3,0.8940397350993378,0.8677685950413223,105960.26490066224,132231.40495867768,1.2483018695946635,1.1159049799773453,0.49201628677821874,0.13012000972647106,16,16,151,242
Model_4,0.9006622516556292,0.8842975206611571,99337.74834437082,115702.47933884292,1.2853342781142731,1.1967475721392282,0.5210485759065419,0.12057322417672037,15,13,151,242
Model_5_Ensemble,0.9867549668874173,0.9214876033057852,13245.033112582738,78512.39669421484,2.2189508835295757,1.4151490702935616,0.6196334915582743,0.09729782098848931,2,17,151,242
